1;Botas Couro 3178;Calçado;10.72;631.16
2;Colunas Bluetooth 9727;Informática;0.21;1297.53
3;Azeite Virgem 318;Alimentação;16.92;467.18
4;Sapatilhas Corrida 9838;Calçado;17.15;127.1
5;Mesa Jantar 5504;Casa;11.22;1549.52
6;Candeeiro Mesa 7250;Casa;18.1;1427.27
7;Rato Óptico 325;Informática;5.51;1834.5
8;Sapatos Clássicos 6099;Calçado;16.74;901.06
9;Calças Jeans 6116;Roupa;15.1;175.86
10;Casaco Inverno 3383;Roupa;7.37;1387.36
11;Bolachas Aveia 5381;Alimentação;13.28;545.18
12;Atum Enlatado 7744;Alimentação;0.94;1066.47
13;Rato Óptico 6644;Informática;7.2;1407.83
14;Teclado Mecânico 3364;Informática;7.94;402.98
15;Botas Couro 7165;Calçado;3.19;1470.79
16;Almofada Decorativa 2246;Casa;12.82;9.62
17;Disco SSD 4953;Informática;2.02;1879.36
18;Atum Enlatado 8535;Alimentação;7.26;1612.19
19;Rato Óptico 8395;Informática;4.98;1619.61
20;Leite Meio-Gordo 6400;Alimentação;3.4;811.54
21;Monitor LED 4735;Informática;1.36;720.23
22;Teclado Mecânico 7541;Informática;1.82;584.19
23;Mesa Jantar 9889;Casa;10.94;746.03
24;Azeite Virgem 8438;Alimentação;10.7;1498.2
25;Almofada Decorativa 1155;Casa;15.57;501.55
26;Sweatshirt 625;Roupa;8.31;1053.92
27;Atum Enlatado 4797;Alimentação;5.68;1999.95
28;Sapatos Clássicos 3030;Calçado;0.73;1072.76
29;Monitor LED 1787;Informática;0.06;813.56
30;Monitor LED 8126;Informática;9.64;85.58
31;Camisola Algodão 4637;Roupa;3.24;539.45
32;Casaco Inverno 6428;Roupa;11.18;858.44
33;Tapete Sala 4909;Casa;5.67;33.64
34;Camisa Clássica 5275;Roupa;11.23;321.5
35;Sapatilhas Corrida 8228;Calçado;3.67;641.75
36;Arroz Agulha 7324;Alimentação;4.87;1660.28
37;Monitor LED 7590;Informática;18.46;117.86
38;Disco SSD 2898;Informática;13.8;386.39
39;Chinelos Praia 4278;Calçado;5.29;1816.87
40;Bolachas Aveia 9596;Alimentação;7.67;578.4
41;Mesa Jantar 2113;Casa;3.66;137.8
42;Botas Couro 6832;Calçado;8.2;174.66
43;Chocolate Negro 5712;Alimentação;0.76;1221.33
44;Casaco Inverno 6791;Roupa;10.42;199.27
45;Calças Jeans 388;Roupa;17.7;1561.78
46;Fato Treino 8128;Roupa;8.78;101.97
47;Mesa Jantar 8441;Casa;19.41;1211.88
48;Massa Esparguete 5685;Alimentação;19.7;224.93
49;Casaco Inverno 3411;Roupa;13.04;680.17
50;Conjunto Toalhas 5826;Casa;17.54;420.99
51;Leite Meio-Gordo 3383;Alimentação;17.83;312.93
52;Fato Treino 2406;Roupa;1.89;1087.24
53;Mesa Jantar 7304;Casa;7.48;49.57
54;Disco SSD 3073;Informática;3.45;256.22
55;Sapatilhas Corrida 7658;Calçado;9.5;1360.14
56;Sapatos Clássicos 6165;Calçado;4.45;455.86
57;Router WiFi 1666;Informática;13.68;1902.82
58;Botas Couro 5783;Calçado;15.72;1823.17
59;Candeeiro Mesa 8623;Casa;11.11;1099.0
60;Router WiFi 3421;Informática;14.13;1777.97
61;Sapatos Clássicos 150;Calçado;13.72;867.21
62;Sapatilhas Corrida 5137;Calçado;19.83;109.18
63;Portátil 5301;Informática;4.34;593.12
64;Conjunto Toalhas 4373;Casa;18.36;1784.47
65;Sapatos Clássicos 9478;Calçado;11.42;1089.63
66;Sapatos Clássicos 8244;Calçado;18.99;754.22
67;Almofada Decorativa 8520;Casa;19.19;989.43
68;Leite Meio-Gordo 7180;Alimentação;2.34;1769.15
69;Atum Enlatado 7996;Alimentação;16.95;1717.96
70;Colunas Bluetooth 6156;Informática;5.4;1502.66
71;Bolachas Aveia 4395;Alimentação;9.88;1394.02
72;Monitor LED 4212;Informática;5.26;142.48
73;Disco SSD 3735;Informática;18.48;760.02
74;Sapatilhas Corrida 9241;Calçado;6.54;1536.81
75;Sweatshirt 3014;Roupa;11.94;1030.42
76;Sapatilhas Corrida 9229;Calçado;7.5;483.34
77;Calças Jeans 1555;Roupa;18.1;404.06
78;Atum Enlatado 1481;Alimentação;15.11;881.49
79;Sapatilhas Corrida 9993;Calçado;14.43;1933.7
80;Sweatshirt 2708;Roupa;17.97;1321.66
81;Vestido Verão 9925;Roupa;0.1;224.86
82;Sapatilhas Corrida 3388;Calçado;2.04;1412.52
83;Cabo HDMI 3921;Informática;3.88;197.46
84;Tapete Sala 6363;Casa;13.12;1272.44
85;Cabo HDMI 4921;Informática;11.61;1604.42
86;Massa Esparguete 8428;Alimentação;1.03;1961.28
87;Chocolate Negro 3144;Alimentação;4.88;1816.72
88;Router WiFi 4021;Informática;10.52;395.3
89;Portátil 7200;Informática;3.5;1022.23
90;Casaco Inverno 673;Roupa;19.09;551.68
91;Memória RAM 4661;Informática;6.48;1729.07
92;Webcam 7220;Informática;15.38;1284.29
93;Chinelos Praia 6777;Calçado;10.69;1808.81
94;Leite Meio-Gordo 6879;Alimentação;0.49;428.23
95;Botas Couro 8783;Calçado;17.47;1290.89
96;Teclado Mecânico 7927;Informática;9.3;1710.21
97;Conjunto Toalhas 6243;Casa;19.13;634.41
98;Monitor LED 7395;Informática;14.37;1188.61
99;Calças Jeans 8756;Roupa;18.18;1791.59
100;Chinelos Praia 172;Calçado;11.53;334.38
101;Chocolate Negro 659;Alimentação;6.89;1531.05
102;Bolachas Aveia 1227;Alimentação;10.14;187.99
103;Router WiFi 2173;Informática;4.07;867.05
104;Arroz Agulha 9008;Alimentação;18.78;1890.0
105;Casaco Inverno 8979;Roupa;2.06;442.11
106;Casaco Inverno 7463;Roupa;17.88;1253.54
107;Sapatilhas Corrida 8347;Calçado;0.31;609.13
108;Sapatos Clássicos 2018;Calçado;0.06;1744.04
109;Mesa Jantar 1441;Casa;10.31;1966.96
110;Mesa Jantar 4489;Casa;14.74;1929.83
111;Vestido Verão 3611;Roupa;7.48;1050.27
112;Cadeira Madeira 2342;Casa;6.02;578.86
113;Router WiFi 941;Informática;5.13;1293.87
114;Webcam 5777;Informática;14.56;1098.16
115;Memória RAM 3971;Informática;9.61;1840.39
116;Candeeiro Mesa 8687;Casa;16.9;1800.92
117;Camisola Algodão 4471;Roupa;11.48;1082.29
118;Sapatos Clássicos 5910;Calçado;2.77;276.73
119;Conjunto Toalhas 1629;Casa;8.56;301.14
120;Conjunto Toalhas 822;Casa;9.27;1608.49
121;Sapatilhas Corrida 2059;Calçado;1.91;681.23
122;T-shirt Desportiva 7204;Roupa;7.59;240.18
123;Vestido Verão 7453;Roupa;8.06;464.61
124;Sapatilhas Corrida 652;Calçado;8.76;1584.65
125;Bolachas Aveia 6488;Alimentação;17.66;545.58
126;Vestido Verão 8701;Roupa;19.87;1326.94
127;Calças Jeans 8492;Roupa;13.98;754.54
128;Chinelos Praia 4883;Calçado;7.74;912.52
129;Chinelos Praia 840;Calçado;11.55;578.28
130;Leite Meio-Gordo 4289;Alimentação;8.63;3.96
131;Portátil 2645;Informática;15.8;1102.37
132;Portátil 2475;Informática;17.97;1574.96
133;Café Moído 252;Alimentação;3.28;322.96
134;Cabo HDMI 9617;Informática;3.81;752.65
135;Camisa Clássica 378;Roupa;10.44;1359.17
136;Colunas Bluetooth 1880;Informática;5.96;1127.32
137;Sweatshirt 7001;Roupa;4.7;1119.68
138;Arroz Agulha 1208;Alimentação;7.93;903.76
139;Router WiFi 4208;Informática;1.81;301.34
140;Cadeira Madeira 9246;Casa;17.84;159.03
141;Sapatos Clássicos 3785;Calçado;9.5;537.39
142;Rato Óptico 8710;Informática;17.6;1254.95
143;Massa Esparguete 1793;Alimentação;19.1;17.02
144;Almofada Decorativa 8481;Casa;17.32;1274.64
145;Casaco Inverno 8922;Roupa;13.66;1036.72
146;Chinelos Praia 1074;Calçado;17.79;1948.71
147;Conjunto Toalhas 1080;Casa;16.43;856.86
148;Rato Óptico 9774;Informática;18.44;1475.4
149;Sapatos Clássicos 7236;Calçado;13.54;1879.73
150;Conjunto Toalhas 9860;Casa;16.97;1726.66
151;Candeeiro Mesa 5674;Casa;12.23;74.81
152;Azeite Virgem 1579;Alimentação;1.56;366.63
153;Café Moído 8363;Alimentação;1.36;767.25
154;Disco SSD 5417;Informática;4.3;1080.53
155;Azeite Virgem 3914;Alimentação;2.49;1046.37
156;Café Moído 2878;Alimentação;1.63;863.35
157;Cadeira Madeira 8495;Casa;15.33;672.12
158;Rato Óptico 5590;Informática;3.81;1716.48
159;Botas Couro 6927;Calçado;9.47;1052.12
160;Chocolate Negro 4757;Alimentação;6.39;462.66
161;Atum Enlatado 1725;Alimentação;2.17;1960.0
162;Sweatshirt 8788;Roupa;10.59;263.87
163;Memória RAM 3352;Informática;1.08;1714.66
164;Atum Enlatado 3302;Alimentação;15.94;110.66
165;Almofada Decorativa 3872;Casa;3.97;1271.9
166;Monitor LED 6691;Informática;4.49;1455.2
167;Memória RAM 6237;Informática;4.48;1857.33
168;Atum Enlatado 1644;Alimentação;9.34;1472.66
169;Botas Couro 3713;Calçado;3.99;1199.26
170;Sapatilhas Corrida 2007;Calçado;11.54;864.67
171;Massa Esparguete 2619;Alimentação;9.92;203.31
172;Sapatos Clássicos 3794;Calçado;7.42;75.35
173;Camisola Algodão 68;Roupa;6.22;1582.26
174;Sapatilhas Corrida 2069;Calçado;1.47;766.77
175;Botas Couro 7108;Calçado;15.91;315.07
176;Tapete Sala 6760;Casa;8.29;1456.61
177;Tapete Sala 3279;Casa;17.54;929.09
178;Conjunto Toalhas 8319;Casa;5.51;892.31
179;Chinelos Praia 3749;Calçado;9.17;86.09
180;Tapete Sala 4303;Casa;0.21;219.38
181;Azeite Virgem 8300;Alimentação;8.73;418.56
182;Camisola Algodão 9500;Roupa;2.9;796.61
183;Café Moído 4021;Alimentação;4.05;115.64
184;Router WiFi 5952;Informática;11.33;1385.7
185;Atum Enlatado 9494;Alimentação;5.32;1473.03
186;Teclado Mecânico 950;Informática;7.93;1980.45
187;Leite Meio-Gordo 2315;Alimentação;2.33;999.64
188;Mesa Jantar 2159;Casa;17.26;427.7
189;Café Moído 3001;Alimentação;12.33;775.14
190;Azeite Virgem 3876;Alimentação;1.85;963.58
191;Cabo HDMI 2219;Informática;17.93;680.11
192;Candeeiro Mesa 5853;Casa;6.11;1215.45
193;Portátil 8044;Informática;13.17;638.83
194;Massa Esparguete 3803;Alimentação;6.77;1571.6
195;Almofada Decorativa 5303;Casa;18.64;1479.91
196;Candeeiro Mesa 6796;Casa;0.63;964.27
197;Cabo HDMI 8184;Informática;17.45;1321.08
198;Rato Óptico 6701;Informática;10.88;1122.02
199;Cadeira Madeira 8800;Casa;17.5;1106.28
200;Camisa Clássica 798;Roupa;1.59;1896.09
201;Atum Enlatado 6120;Alimentação;2.07;1938.41
202;Monitor LED 7193;Informática;14.45;1724.3
203;T-shirt Desportiva 2677;Roupa;11.13;1534.56
204;Sapatos Clássicos 257;Calçado;18.26;546.34
205;Sweatshirt 5517;Roupa;13.82;1058.46
206;Webcam 6603;Informática;8.65;717.13
207;Sweatshirt 3170;Roupa;9.62;1861.14
208;Teclado Mecânico 9054;Informática;19.32;1146.31
209;Colunas Bluetooth 5631;Informática;1.92;916.59
210;Almofada Decorativa 862;Casa;5.9;761.81
211;Botas Couro 8296;Calçado;12.06;1227.28
212;Chinelos Praia 8405;Calçado;12.43;1525.61
213;Camisa Clássica 7986;Roupa;6.61;1087.47
214;Leite Meio-Gordo 9126;Alimentação;19.1;919.9
215;Leite Meio-Gordo 9076;Alimentação;13.76;970.8
216;Router WiFi 4957;Informática;5.93;4.19
217;Colunas Bluetooth 507;Informática;0.58;1084.67
218;Monitor LED 4603;Informática;17.4;1746.91
219;Disco SSD 631;Informática;18.32;1375.61
220;Webcam 7150;Informática;12.25;682.67
221;Vestido Verão 7766;Roupa;1.46;1148.03
222;Café Moído 876;Alimentação;0.17;1878.54
223;Camisa Clássica 9553;Roupa;7.09;50.02
224;Candeeiro Mesa 1471;Casa;9.53;1713.18
225;Disco SSD 7712;Informática;0.34;995.16
226;Arroz Agulha 5361;Alimentação;9.66;1305.3
227;Sapatos Clássicos 563;Calçado;9.54;374.4
228;Almofada Decorativa 5668;Casa;12.97;396.48
229;Portátil 7937;Informática;11.64;1952.32
230;Sapatilhas Corrida 7100;Calçado;11.05;1845.39
231;Azeite Virgem 3243;Alimentação;19.68;494.76
232;Conjunto Toalhas 5013;Casa;4.43;721.89
233;Conjunto Toalhas 1023;Casa;5.48;1343.21
234;Almofada Decorativa 723;Casa;9.06;1134.99
235;Mesa Jantar 984;Casa;8.1;1547.46
236;Cadeira Madeira 2055;Casa;17.43;507.75
237;Massa Esparguete 1579;Alimentação;19.7;1392.27
238;Portátil 3294;Informática;8.42;84.07
239;Tapete Sala 2977;Casa;4.65;1355.78
240;Memória RAM 5165;Informática;7.41;1899.22
241;Sweatshirt 7618;Roupa;0.62;571.33
242;Bolachas Aveia 6262;Alimentação;0.38;736.84
243;Sapatos Clássicos 2206;Calçado;18.42;1803.71
244;Teclado Mecânico 1504;Informática;5.3;1644.7
245;Calças Jeans 4495;Roupa;17.55;1711.12
246;Bolachas Aveia 7660;Alimentação;2.67;1650.0
247;Candeeiro Mesa 1828;Casa;11.37;1826.59
248;Conjunto Toalhas 3354;Casa;14.02;576.08
249;Conjunto Toalhas 868;Casa;14.83;1095.37
250;Bolachas Aveia 7654;Alimentação;11.88;1973.85
251;Sapatos Clássicos 1550;Calçado;2.57;747.14
252;Router WiFi 4748;Informática;13.45;1640.67
253;Sapatos Clássicos 8218;Calçado;12.66;1406.75
254;Sapatilhas Corrida 4413;Calçado;13.32;171.37
255;Café Moído 2149;Alimentação;4.16;1709.24
256;Chinelos Praia 8475;Calçado;1.57;756.78
257;Atum Enlatado 8106;Alimentação;5.79;238.01
258;Botas Couro 7579;Calçado;6.85;1348.25
259;Café Moído 6047;Alimentação;2.93;912.15
260;Botas Couro 4314;Calçado;7.43;1156.29
261;Almofada Decorativa 4397;Casa;14.57;482.35
262;Casaco Inverno 4410;Roupa;5.67;524.58
263;Cadeira Madeira 7310;Casa;12.96;1537.54
264;Camisa Clássica 9957;Roupa;4.86;953.1
265;Cadeira Madeira 4354;Casa;19.51;1069.24
266;Candeeiro Mesa 3301;Casa;6.71;1397.79
267;Sapatos Clássicos 2975;Calçado;8.59;1648.86
268;Fato Treino 9747;Roupa;4.88;883.03
269;Casaco Inverno 5130;Roupa;1.26;232.75
270;Router WiFi 2660;Informática;6.04;602.39
271;Cadeira Madeira 5065;Casa;11.86;35.69
272;Chinelos Praia 8984;Calçado;19.57;290.78
273;Casaco Inverno 2845;Roupa;10.32;991.24
274;Conjunto Toalhas 567;Casa;9.25;914.38
275;Cadeira Madeira 106;Casa;6.37;124.28
276;Conjunto Toalhas 5751;Casa;7.37;301.72
277;Botas Couro 3329;Calçado;2.27;904.15
278;Colunas Bluetooth 4590;Informática;11.81;1932.72
279;Fato Treino 9189;Roupa;2.12;110.38
280;Sweatshirt 9113;Roupa;19.44;1422.81
281;Botas Couro 5146;Calçado;14.86;1888.04
282;Leite Meio-Gordo 7865;Alimentação;2.75;647.85
283;Cadeira Madeira 6535;Casa;5.1;10.48
284;Conjunto Toalhas 5732;Casa;10.95;1527.09
285;Sapatilhas Corrida 6893;Calçado;4.39;1161.36
286;Chocolate Negro 4296;Alimentação;17.26;987.82
287;Candeeiro Mesa 4304;Casa;13.0;1567.89
288;Atum Enlatado 5123;Alimentação;13.47;375.21
289;Camisola Algodão 1400;Roupa;17.47;1684.15
290;Café Moído 2919;Alimentação;12.17;1100.52
291;Calças Jeans 287;Roupa;3.08;1659.89
292;Botas Couro 5959;Calçado;3.09;740.34
293;Webcam 6679;Informática;16.2;20.72
294;Portátil 6132;Informática;12.19;1907.03
295;Sapatos Clássicos 1058;Calçado;11.86;1967.78
296;Sapatos Clássicos 2071;Calçado;10.17;330.25
297;Candeeiro Mesa 4058;Casa;7.56;1531.62
298;Tapete Sala 5084;Casa;3.09;1520.25
299;Sapatos Clássicos 8774;Calçado;0.3;841.96
300;T-shirt Desportiva 4187;Roupa;10.06;1085.16
301;Sapatilhas Corrida 8328;Calçado;14.6;983.98
302;Conjunto Toalhas 2231;Casa;12.1;1113.51
303;Tapete Sala 785;Casa;7.56;530.38
304;Camisa Clássica 8512;Roupa;11.04;1159.0
305;Café Moído 1368;Alimentação;11.88;1742.34
306;Monitor LED 166;Informática;16.43;1915.65
307;Router WiFi 8803;Informática;3.53;496.83
308;Chinelos Praia 5640;Calçado;5.83;1952.63
309;Calças Jeans 7508;Roupa;0.74;1257.76
310;Chinelos Praia 2093;Calçado;12.51;1259.38
311;T-shirt Desportiva 1509;Roupa;9.79;193.82
312;Leite Meio-Gordo 2402;Alimentação;10.89;381.3
313;Teclado Mecânico 4612;Informática;0.71;585.34
314;Candeeiro Mesa 4585;Casa;19.1;955.62
315;Colunas Bluetooth 4157;Informática;17.09;8.2
316;Calças Jeans 9990;Roupa;6.04;1849.6
317;Arroz Agulha 5248;Alimentação;2.91;20.94
318;Botas Couro 7223;Calçado;15.66;297.8
319;Azeite Virgem 3184;Alimentação;17.67;605.57
320;T-shirt Desportiva 2958;Roupa;11.58;1152.1
321;Chinelos Praia 965;Calçado;0.68;1619.36
322;Botas Couro 7735;Calçado;17.32;1126.6
323;Sapatos Clássicos 1974;Calçado;18.99;1429.74
324;Almofada Decorativa 2685;Casa;12.13;1629.58
325;Cadeira Madeira 8948;Casa;14.25;655.23
326;Sapatos Clássicos 4420;Calçado;1.91;1569.36
327;Bolachas Aveia 2433;Alimentação;0.81;806.46
328;Vestido Verão 5159;Roupa;5.76;543.43
329;Cadeira Madeira 7412;Casa;3.99;1367.22
330;Sapatos Clássicos 3647;Calçado;13.53;1206.05
331;Café Moído 7649;Alimentação;8.66;1939.83
332;Sapatos Clássicos 3973;Calçado;0.16;118.4
333;Botas Couro 3299;Calçado;19.04;1424.79
334;Colunas Bluetooth 6460;Informática;9.2;1123.6
335;Tapete Sala 7292;Casa;1.85;365.87
336;Tapete Sala 7894;Casa;10.39;1433.36
337;Candeeiro Mesa 8192;Casa;14.35;1078.25
338;Chinelos Praia 6463;Calçado;9.14;1465.49
339;Botas Couro 184;Calçado;8.73;50.91
340;Tapete Sala 3204;Casa;16.03;900.21
341;Azeite Virgem 1672;Alimentação;12.44;70.06
342;Conjunto Toalhas 595;Casa;4.66;1153.68
343;Almofada Decorativa 6674;Casa;0.43;317.27
344;Mesa Jantar 6525;Casa;15.04;1851.52
345;Massa Esparguete 2998;Alimentação;1.88;49.77
346;Botas Couro 4582;Calçado;8.39;1851.23
347;Chinelos Praia 2298;Calçado;11.06;1924.03
348;Fato Treino 1620;Roupa;19.63;653.0
349;Webcam 1711;Informática;9.88;207.44
350;Casaco Inverno 2192;Roupa;1.69;823.44
351;Camisola Algodão 9401;Roupa;15.0;227.17
352;Colunas Bluetooth 5936;Informática;8.88;1857.08
353;Massa Esparguete 826;Alimentação;2.36;1323.66
354;Arroz Agulha 8746;Alimentação;12.54;1806.53
355;Sapatos Clássicos 3369;Calçado;7.39;943.92
356;Sapatos Clássicos 6112;Calçado;11.5;517.48
357;Café Moído 2135;Alimentação;18.93;826.17
358;Almofada Decorativa 2247;Casa;17.67;1927.46
359;Mesa Jantar 1413;Casa;19.41;293.01
360;Leite Meio-Gordo 2807;Alimentação;15.01;711.27
361;Colunas Bluetooth 566;Informática;11.86;1039.77
362;Portátil 8063;Informática;18.65;1707.76
363;Teclado Mecânico 3722;Informática;16.57;1752.77
364;Almofada Decorativa 5602;Casa;17.07;237.0
365;Cabo HDMI 8541;Informática;19.06;1795.54
366;Chocolate Negro 437;Alimentação;16.51;749.87
367;T-shirt Desportiva 4348;Roupa;17.95;1385.86
368;Almofada Decorativa 7809;Casa;11.23;1690.82
369;Cadeira Madeira 41;Casa;19.72;1609.64
370;Massa Esparguete 3771;Alimentação;2.85;395.0
371;Bolachas Aveia 2799;Alimentação;16.09;1056.54
372;Leite Meio-Gordo 3392;Alimentação;17.49;1896.22
373;Sapatos Clássicos 7942;Calçado;13.54;704.16
374;Sapatilhas Corrida 5376;Calçado;18.52;1445.05
375;Chinelos Praia 1783;Calçado;19.31;132.64
376;Mesa Jantar 3838;Casa;9.93;723.84
377;Monitor LED 9381;Informática;3.58;940.34
378;Arroz Agulha 5495;Alimentação;11.37;353.67
379;Almofada Decorativa 1698;Casa;11.78;923.69
380;Monitor LED 3004;Informática;17.67;892.82
381;Chocolate Negro 8252;Alimentação;12.96;872.49
382;Sapatos Clássicos 3289;Calçado;7.78;864.26
383;Monitor LED 6672;Informática;13.39;402.83
384;Vestido Verão 833;Roupa;1.66;951.3
385;Cadeira Madeira 3015;Casa;11.61;1462.88
386;Chinelos Praia 8879;Calçado;15.16;1336.91
387;Azeite Virgem 458;Alimentação;13.51;423.08
388;Chinelos Praia 65;Calçado;5.16;433.25
389;Fato Treino 4253;Roupa;10.68;313.05
390;Botas Couro 5298;Calçado;11.81;1549.82
391;Router WiFi 5459;Informática;11.73;713.6
392;Casaco Inverno 8889;Roupa;7.87;451.94
393;Sapatilhas Corrida 2610;Calçado;19.87;1404.17
394;Candeeiro Mesa 2390;Casa;15.88;264.72
395;Monitor LED 3581;Informática;3.47;936.33
396;Café Moído 9678;Alimentação;6.83;1167.21
397;Fato Treino 9270;Roupa;7.9;39.13
398;Teclado Mecânico 775;Informática;15.57;114.75
399;T-shirt Desportiva 8871;Roupa;10.9;109.61
400;Teclado Mecânico 9901;Informática;9.55;1523.51
401;Sapatilhas Corrida 5982;Calçado;4.85;209.18
402;Sapatilhas Corrida 576;Calçado;14.01;462.46
403;Leite Meio-Gordo 5208;Alimentação;9.78;395.2
404;Azeite Virgem 660;Alimentação;13.12;1671.1
405;Massa Esparguete 1089;Alimentação;17.64;383.7
406;Arroz Agulha 481;Alimentação;14.47;219.07
407;Router WiFi 6339;Informática;8.44;1757.43
408;Rato Óptico 4104;Informática;7.86;395.59
409;Camisa Clássica 5948;Roupa;2.3;693.92
410;Colunas Bluetooth 4735;Informática;2.93;854.54
411;Webcam 5842;Informática;17.94;1914.36
412;Massa Esparguete 1082;Alimentação;15.57;173.53
413;Botas Couro 4568;Calçado;14.61;630.84
414;Azeite Virgem 5591;Alimentação;4.75;466.19
415;Monitor LED 1952;Informática;8.51;1478.09
416;Memória RAM 4628;Informática;16.59;543.99
417;Teclado Mecânico 6557;Informática;5.84;1248.28
418;Sweatshirt 4454;Roupa;6.08;669.29
419;Conjunto Toalhas 6422;Casa;13.88;1924.23
420;Botas Couro 9101;Calçado;11.54;1762.19
421;Casaco Inverno 8660;Roupa;16.55;1222.89
422;Leite Meio-Gordo 2595;Alimentação;8.34;871.23
423;Teclado Mecânico 3786;Informática;16.23;1765.33
424;Bolachas Aveia 8016;Alimentação;7.15;1358.69
425;Vestido Verão 5495;Roupa;15.71;1700.53
426;Colunas Bluetooth 5597;Informática;7.52;1902.36
427;Bolachas Aveia 5574;Alimentação;3.51;406.87
428;Monitor LED 3286;Informática;0.85;176.83
429;Botas Couro 2257;Calçado;10.4;1767.84
430;Camisola Algodão 6833;Roupa;12.72;107.3
431;Camisa Clássica 254;Roupa;6.52;996.17
432;Mesa Jantar 5869;Casa;10.01;347.05
433;Botas Couro 7535;Calçado;4.14;600.9
434;Teclado Mecânico 8357;Informática;11.8;1046.26
435;Arroz Agulha 3746;Alimentação;2.6;1419.72
436;Cadeira Madeira 6837;Casa;16.92;1314.61
437;Cabo HDMI 6062;Informática;7.16;1057.69
438;Camisa Clássica 6429;Roupa;7.04;1433.07
439;Conjunto Toalhas 2015;Casa;5.66;1537.28
440;Disco SSD 200;Informática;13.43;1830.9
441;Vestido Verão 2370;Roupa;14.64;215.4
442;T-shirt Desportiva 2141;Roupa;10.25;1665.38
443;Vestido Verão 8862;Roupa;12.09;96.33
444;Sapatilhas Corrida 6129;Calçado;12.2;811.96
445;Sapatilhas Corrida 2221;Calçado;1.59;320.18
446;Azeite Virgem 6547;Alimentação;14.02;1789.1
447;T-shirt Desportiva 2557;Roupa;7.59;1926.06
448;Botas Couro 8830;Calçado;9.23;1646.45
449;Chocolate Negro 742;Alimentação;1.32;661.66
450;Almofada Decorativa 2562;Casa;14.34;514.67
451;Disco SSD 3391;Informática;3.74;77.79
452;Arroz Agulha 2678;Alimentação;10.66;1008.46
453;Atum Enlatado 9018;Alimentação;1.95;32.14
454;Sapatos Clássicos 3953;Calçado;5.21;248.86
455;Calças Jeans 2770;Roupa;2.2;406.95
456;Massa Esparguete 958;Alimentação;19.9;1338.42
457;Teclado Mecânico 1196;Informática;12.71;1468.77
458;Tapete Sala 4897;Casa;9.04;814.32
459;Atum Enlatado 3850;Alimentação;16.93;1100.0
460;Botas Couro 1155;Calçado;1.57;150.89
461;Sweatshirt 5429;Roupa;14.62;378.7
462;Cabo HDMI 6830;Informática;19.99;1929.48
463;Arroz Agulha 7021;Alimentação;13.57;1005.28
464;Almofada Decorativa 3028;Casa;15.85;5.42
465;Chocolate Negro 1462;Alimentação;3.99;1467.89
466;Fato Treino 6775;Roupa;9.87;178.42
467;Portátil 6948;Informática;2.99;1635.54
468;Vestido Verão 1729;Roupa;9.02;599.66
469;Conjunto Toalhas 6174;Casa;13.39;327.27
470;Cadeira Madeira 8286;Casa;0.64;1142.48
471;Candeeiro Mesa 9926;Casa;15.13;190.2
472;Rato Óptico 612;Informática;13.45;1336.73
473;Teclado Mecânico 7147;Informática;1.27;761.34
474;Sapatos Clássicos 3596;Calçado;11.0;1809.58
475;Camisa Clássica 5083;Roupa;4.53;1308.72
476;Router WiFi 1812;Informática;13.66;1633.99
477;Cabo HDMI 1757;Informática;8.38;1510.53
478;Fato Treino 4773;Roupa;1.61;210.59
479;Azeite Virgem 9907;Alimentação;11.65;1605.04
480;Router WiFi 6624;Informática;10.31;1156.44
481;Vestido Verão 3447;Roupa;13.07;576.84
482;Almofada Decorativa 5678;Casa;12.04;1058.27
483;Chocolate Negro 4566;Alimentação;10.78;103.06
484;Mesa Jantar 1901;Casa;1.77;1126.18
485;Almofada Decorativa 7874;Casa;10.3;835.34
486;Cadeira Madeira 2817;Casa;10.6;1387.38
487;Cabo HDMI 6960;Informática;5.74;1067.26
488;Teclado Mecânico 4629;Informática;5.99;1337.99
489;Massa Esparguete 1410;Alimentação;2.91;786.06
490;Fato Treino 5754;Roupa;15.49;825.09
491;Vestido Verão 9776;Roupa;1.06;141.43
492;Sapatos Clássicos 9468;Calçado;8.83;1589.81
493;Monitor LED 6435;Informática;9.59;565.51
494;Botas Couro 1195;Calçado;17.64;637.64
495;Sweatshirt 7719;Roupa;11.54;105.26
496;Massa Esparguete 2435;Alimentação;13.08;1719.07
497;Router WiFi 7195;Informática;12.98;805.68
498;Vestido Verão 4199;Roupa;7.17;1158.17
499;Candeeiro Mesa 4620;Casa;5.89;550.91
500;Bolachas Aveia 7205;Alimentação;8.49;1804.93
501;Router WiFi 2861;Informática;7.11;265.46
502;Bolachas Aveia 4556;Alimentação;18.85;1901.15
503;T-shirt Desportiva 1208;Roupa;16.87;31.16
504;Chocolate Negro 5483;Alimentação;12.72;1095.52
505;Massa Esparguete 4232;Alimentação;11.19;628.32
506;Botas Couro 1108;Calçado;1.04;864.97
507;Massa Esparguete 7040;Alimentação;0.14;1523.93
508;Café Moído 4320;Alimentação;13.49;669.97
509;Leite Meio-Gordo 4585;Alimentação;7.29;1019.97
510;Calças Jeans 49;Roupa;4.86;497.31
511;Camisa Clássica 104;Roupa;1.35;1505.74
512;Sweatshirt 8992;Roupa;2.28;1588.27
513;Calças Jeans 4595;Roupa;8.81;1274.63
514;Atum Enlatado 5524;Alimentação;16.48;1620.87
515;Vestido Verão 5077;Roupa;10.11;1846.78
516;Bolachas Aveia 5511;Alimentação;14.01;1447.81
517;Sweatshirt 4704;Roupa;4.54;324.18
518;Sapatos Clássicos 5843;Calçado;13.19;1440.81
519;Arroz Agulha 390;Alimentação;10.83;1720.74
520;Conjunto Toalhas 9193;Casa;9.55;1000.48
521;Bolachas Aveia 5510;Alimentação;19.34;196.57
522;Casaco Inverno 619;Roupa;4.7;1000.24
523;Memória RAM 5942;Informática;2.47;1718.48
524;Mesa Jantar 5032;Casa;10.17;1289.96
525;Webcam 3242;Informática;9.66;675.69
526;Monitor LED 5744;Informática;2.2;88.11
527;Teclado Mecânico 7873;Informática;4.78;411.71
528;Sapatos Clássicos 1392;Calçado;17.84;1260.43
529;Fato Treino 9961;Roupa;15.83;242.96
530;Chinelos Praia 46;Calçado;12.28;393.55
531;Leite Meio-Gordo 2626;Alimentação;16.86;1995.97
532;Bolachas Aveia 9141;Alimentação;2.26;1004.23
533;Monitor LED 8570;Informática;7.76;1237.79
534;Café Moído 8011;Alimentação;8.85;540.9
535;Camisola Algodão 1262;Roupa;19.95;1383.91
536;Sapatilhas Corrida 8702;Calçado;5.32;762.96
537;Portátil 7546;Informática;5.52;954.87
538;Cabo HDMI 1079;Informática;2.08;413.24
539;Mesa Jantar 9256;Casa;13.7;942.76
540;Chocolate Negro 9449;Alimentação;15.74;1245.51
541;T-shirt Desportiva 9591;Roupa;4.43;868.19
542;Candeeiro Mesa 9111;Casa;9.65;949.41
543;Camisola Algodão 8016;Roupa;1.65;108.37
544;Arroz Agulha 3586;Alimentação;15.66;255.63
545;Café Moído 2056;Alimentação;10.13;507.59
546;Conjunto Toalhas 6615;Casa;15.82;1468.34
547;Leite Meio-Gordo 2704;Alimentação;5.76;254.61
548;Café Moído 6664;Alimentação;6.98;1122.81
549;Chinelos Praia 2442;Calçado;10.31;1623.68
550;Tapete Sala 250;Casa;18.8;1576.44
551;Fato Treino 2539;Roupa;13.55;282.62
552;Atum Enlatado 3655;Alimentação;9.87;1293.29
553;Café Moído 1931;Alimentação;14.56;881.48
554;Botas Couro 9309;Calçado;14.27;1701.43
555;Cadeira Madeira 4953;Casa;18.38;878.97
556;Almofada Decorativa 7176;Casa;11.84;1447.5
557;Router WiFi 9037;Informática;16.49;794.65
558;Conjunto Toalhas 1343;Casa;0.28;1262.85
559;Bolachas Aveia 1501;Alimentação;10.92;1602.72
560;T-shirt Desportiva 8090;Roupa;4.03;881.17
561;Tapete Sala 8462;Casa;14.53;1951.75
562;Almofada Decorativa 7673;Casa;11.38;345.02
563;Cabo HDMI 6606;Informática;4.89;755.74
564;Massa Esparguete 9386;Alimentação;8.48;38.84
565;Camisa Clássica 3213;Roupa;1.38;1572.89
566;Mesa Jantar 3833;Casa;15.29;1271.08
567;Tapete Sala 8784;Casa;15.48;1968.73
568;Chocolate Negro 9522;Alimentação;17.41;562.41
569;Vestido Verão 184;Roupa;10.48;1972.84
570;Conjunto Toalhas 3757;Casa;9.81;911.11
571;Chinelos Praia 2257;Calçado;8.59;1218.31
572;Memória RAM 5705;Informática;9.13;1259.64
573;Vestido Verão 9396;Roupa;1.09;23.21
574;Almofada Decorativa 5197;Casa;4.45;1362.04
575;Tapete Sala 2944;Casa;5.28;1946.39
576;Arroz Agulha 9177;Alimentação;9.72;636.36
577;Botas Couro 5399;Calçado;2.53;19.68
578;Almofada Decorativa 5667;Casa;14.32;555.61
579;Sapatos Clássicos 1631;Calçado;12.61;483.14
580;Cabo HDMI 9005;Informática;7.3;369.29
581;Fato Treino 2878;Roupa;19.91;922.3
582;Massa Esparguete 7741;Alimentação;9.66;1088.2
583;Vestido Verão 5119;Roupa;15.69;458.95
584;Calças Jeans 805;Roupa;8.38;872.37
585;Tapete Sala 5301;Casa;7.61;1216.58
586;Botas Couro 3571;Calçado;13.05;243.15
587;Teclado Mecânico 2212;Informática;18.05;1900.07
588;Sweatshirt 6176;Roupa;16.71;504.71
589;Almofada Decorativa 4186;Casa;8.39;1334.19
590;Calças Jeans 2531;Roupa;17.63;953.51
591;Router WiFi 6576;Informática;3.33;885.74
592;Sapatos Clássicos 3628;Calçado;10.73;78.04
593;Vestido Verão 7703;Roupa;17.53;432.53
594;Portátil 1567;Informática;1.21;1921.6
595;Massa Esparguete 7511;Alimentação;14.3;483.26
596;Router WiFi 9537;Informática;6.3;1555.64
597;Botas Couro 7970;Calçado;18.1;62.65
598;Botas Couro 150;Calçado;10.6;1585.02
599;Conjunto Toalhas 5836;Casa;4.15;1851.07
600;Portátil 3250;Informática;6.93;172.11
601;Memória RAM 7525;Informática;6.41;735.49
602;Conjunto Toalhas 6852;Casa;14.71;484.27
603;Botas Couro 5849;Calçado;11.01;1276.46
604;Mesa Jantar 2351;Casa;15.8;103.55
605;Camisola Algodão 3282;Roupa;19.38;1948.78
606;Bolachas Aveia 6684;Alimentação;7.55;290.64
607;Calças Jeans 9939;Roupa;5.34;1830.5
608;Massa Esparguete 5698;Alimentação;17.8;1682.15
609;Mesa Jantar 2039;Casa;7.13;1862.28
610;Almofada Decorativa 6276;Casa;10.27;896.05
611;Sapatilhas Corrida 9235;Calçado;13.01;644.97
612;Botas Couro 9929;Calçado;0.14;795.57
613;Colunas Bluetooth 3024;Informática;15.12;773.03
614;Cadeira Madeira 2089;Casa;19.33;1528.48
615;Sapatilhas Corrida 8881;Calçado;16.53;1820.42
616;Botas Couro 8231;Calçado;5.77;1246.91
617;Sweatshirt 939;Roupa;0.81;44.01
618;Fato Treino 7957;Roupa;1.48;1645.94
619;Cabo HDMI 5852;Informática;13.78;1820.82
620;Azeite Virgem 1753;Alimentação;2.76;1261.53
621;Sweatshirt 462;Roupa;3.29;477.48
622;Bolachas Aveia 1473;Alimentação;8.45;1392.75
623;Atum Enlatado 3914;Alimentação;16.06;690.3
624;Botas Couro 9709;Calçado;15.83;1817.38
625;Café Moído 7574;Alimentação;3.21;1105.71
626;Casaco Inverno 600;Roupa;0.11;897.46
627;Botas Couro 5027;Calçado;2.4;823.77
628;Sapatos Clássicos 8356;Calçado;18.36;1597.57
629;Router WiFi 1560;Informática;2.21;1535.47
630;Cadeira Madeira 3818;Casa;2.59;1717.18
631;Sapatos Clássicos 3425;Calçado;14.44;1487.9
632;Cadeira Madeira 4360;Casa;15.2;1422.27
633;Router WiFi 6893;Informática;7.27;1919.03
634;Leite Meio-Gordo 4978;Alimentação;17.24;1575.21
635;Fato Treino 7966;Roupa;19.44;508.5
636;Cabo HDMI 9512;Informática;8.48;1959.51
637;Sweatshirt 1455;Roupa;6.23;707.5
638;Sapatos Clássicos 1569;Calçado;12.94;790.56
639;Camisa Clássica 5319;Roupa;14.46;1991.68
640;Casaco Inverno 3281;Roupa;0.89;1766.48
641;Conjunto Toalhas 3188;Casa;8.65;299.9
642;Massa Esparguete 3245;Alimentação;1.23;1830.17
643;Camisa Clássica 4706;Roupa;14.72;746.54
644;Colunas Bluetooth 6658;Informática;7.33;177.37
645;Sapatos Clássicos 9502;Calçado;10.17;1744.96
646;Sapatilhas Corrida 5870;Calçado;19.24;1349.02
647;Camisola Algodão 7286;Roupa;13.49;850.47
648;Candeeiro Mesa 2266;Casa;16.26;1747.21
649;Tapete Sala 8318;Casa;14.36;1424.14
650;Memória RAM 335;Informática;12.12;950.51
651;Colunas Bluetooth 7058;Informática;8.43;862.11
652;Sapatos Clássicos 1922;Calçado;10.02;1284.73
653;Casaco Inverno 3102;Roupa;1.73;310.24
654;Fato Treino 8813;Roupa;2.03;1024.13
655;Sapatos Clássicos 9198;Calçado;4.3;5.79
656;Cadeira Madeira 5327;Casa;4.98;1431.26
657;Chinelos Praia 2582;Calçado;19.88;1480.38
658;Sapatos Clássicos 7745;Calçado;1.62;1036.35
659;Sapatilhas Corrida 8356;Calçado;16.88;1192.78
660;Chinelos Praia 6313;Calçado;4.36;1749.21
661;Cabo HDMI 1193;Informática;8.92;303.47
662;Arroz Agulha 8141;Alimentação;14.52;1219.98
663;Calças Jeans 5156;Roupa;8.12;1995.76
664;Sapatos Clássicos 8946;Calçado;5.03;1007.9
665;Tapete Sala 5866;Casa;8.37;1421.84
666;Massa Esparguete 7838;Alimentação;7.72;609.92
667;Chocolate Negro 6321;Alimentação;0.25;1534.64
668;Rato Óptico 8695;Informática;17.9;1600.34
669;Leite Meio-Gordo 7294;Alimentação;19.61;1256.77
670;Sapatos Clássicos 7439;Calçado;4.63;325.12
671;Tapete Sala 2471;Casa;5.57;235.03
672;Teclado Mecânico 986;Informática;19.05;446.32
673;Mesa Jantar 8231;Casa;16.91;184.97
674;Cabo HDMI 6812;Informática;18.83;246.3
675;Café Moído 2982;Alimentação;19.96;1158.74
676;Sweatshirt 4203;Roupa;14.15;1758.21
677;Almofada Decorativa 9806;Casa;6.37;380.55
678;Conjunto Toalhas 480;Casa;11.14;1084.19
679;Chocolate Negro 442;Alimentação;18.78;35.3
680;Botas Couro 3338;Calçado;5.39;952.99
681;Teclado Mecânico 7038;Informática;5.19;525.38
682;Camisa Clássica 2220;Roupa;7.26;1208.52
683;Conjunto Toalhas 6151;Casa;5.64;41.81
684;Conjunto Toalhas 8668;Casa;16.45;1073.2
685;Calças Jeans 3553;Roupa;9.51;1050.7
686;Azeite Virgem 6669;Alimentação;2.43;942.14
687;Azeite Virgem 568;Alimentação;17.68;738.23
688;Colunas Bluetooth 9147;Informática;6.67;427.2
689;Almofada Decorativa 1420;Casa;18.83;1188.11
690;Cabo HDMI 9788;Informática;2.33;65.02
691;Router WiFi 5319;Informática;3.06;802.23
692;Rato Óptico 5480;Informática;3.55;238.23
693;T-shirt Desportiva 6604;Roupa;13.58;949.98
694;Chinelos Praia 5667;Calçado;8.71;1677.41
695;Fato Treino 5744;Roupa;19.13;199.83
696;Sapatilhas Corrida 5561;Calçado;9.32;571.81
697;Casaco Inverno 500;Roupa;2.71;14.0
698;Botas Couro 2225;Calçado;6.52;194.66
699;Arroz Agulha 6159;Alimentação;9.13;1519.81
700;Calças Jeans 2114;Roupa;7.14;154.24
701;Kit Informática 6655;Informática;29.39;595.78;40;416;113
702;Kit Informática 2957;Informática;44.19;4811.26;283;70;282;305;365
703;Cabaz Alimentar 9155;Alimentação;52.44;3399.83;437;680;357;324;492
704;Conjunto Escritório 7948;Informática;26.11;2038.46;19;82;90
705;Pack Familiar 7294;Alimentação;50.26;52.18;485;665;622;483;76;264
706;Cabaz Alimentar 7692;Alimentação;36.21;4584.31;1;302;469
707;Conjunto Escritório 2323;Informática;32.67;1494.19;561;18;198
708;Kit Roupa Inverno 1453;Roupa;37.89;4128.03;44;682;447;86;266;87
709;Kit Informática 2310;Informática;64.73;688.44;283;595;346;623;694;290
710;Pack Casa 7623;Casa;40.13;4584.84;150;181;241;616;409;487
711;Pack Casa 6320;Casa;48.6;4361.82;325;278;137;585;396;20
712;Kit Roupa Inverno 519;Roupa;20.78;2810.2;169;504;103
713;Pack Casa 4231;Casa;67.48;1623.41;90;580;155;100;553;310
714;Cabaz Alimentar 8740;Alimentação;35.48;2005.45;263;28;683;484;29;578
715;Pack Casa 3467;Casa;41.52;4484.3;85;247;527;31;88
716;Kit Roupa Inverno 1035;Roupa;50.52;674.93;616;621;488;424;648;211
717;Pack Casa 5452;Casa;33.85;1764.83;477;666;351;282
718;Kit Roupa Inverno 4856;Roupa;72.98;2551.87;333;535;506;79;374
719;Cabaz Alimentar 480;Alimentação;58.09;1962.76;261;292;358;633;490
720;Pack Casa 3105;Casa;35.19;3674.48;343;483;11;24
721;Kit Roupa Inverno 8971;Roupa;11.37;1816.34;109;491
722;Kit Roupa Inverno 3486;Roupa;44.28;298.91;424;431;310;6
723;Pack Familiar 8652;Alimentação;47.03;1285.87;464;117;654;380
724;Conjunto Escritório 4135;Informática;54.39;123.42;213;116;10;342;502
725;Conjunto Escritório 1370;Informática;21.87;2022.34;510;400;192;511
726;Conjunto Escritório 9345;Informática;49.89;4324.53;358;338;36;417;442;279
727;Kit Roupa Inverno 7321;Roupa;28.79;4729.18;461;638;642
728;Kit Roupa Inverno 3532;Roupa;33.82;3335.81;53;473;352;567;313
729;Conjunto Escritório 9067;Informática;14.06;4443.96;346;33
730;Cabaz Alimentar 3574;Alimentação;40.75;4874.64;250;572;152;99
731;Kit Roupa Inverno 6146;Roupa;47.97;2967.5;204;167;682;46;225;534
732;Pack Casa 4868;Casa;35.5;4048.84;142;668
733;Pack Casa 932;Casa;19.77;3029.65;317;531
734;Pack Familiar 2701;Alimentação;15.06;4158.11;547;14;21
735;Kit Roupa Inverno 8268;Roupa;32.12;2975.73;625;120;431;613
736;Pack Casa 9359;Casa;52.79;4474.92;579;134;425;527;394
737;Kit Informática 2483;Informática;27.24;1531.47;221;350;24;383
738;Conjunto Escritório 2838;Informática;19.6;4215.57;108;590;121
739;Kit Roupa Inverno 3150;Roupa;47.08;4460.41;446;127;13;250
740;Cabaz Alimentar 7095;Alimentação;11.89;4480.12;210;63;543
741;Conjunto Escritório 5084;Informática;24.72;2663.55;101;51
742;Cabaz Alimentar 568;Alimentação;49.9;1834.75;555;122;548;69
743;Conjunto Escritório 6021;Informática;47.57;845.08;355;576;56;649;479
744;Kit Roupa Inverno 6996;Roupa;43.6;4285.72;44;459;681;347
745;Kit Roupa Inverno 5703;Roupa;59.31;2063.4;481;682;206;312;280
746;Kit Roupa Inverno 7755;Roupa;7.93;373.15;36;691
747;Conjunto Escritório 1479;Informática;35.16;2192.12;638;97;292
748;Kit Roupa Inverno 6285;Roupa;41.25;1451.99;263;420;454;170
749;Cabaz Alimentar 8465;Alimentação;82.49;879.39;151;114;230;623;286;184
750;Cabaz Alimentar 1260;Alimentação;46.41;2104.76;500;30;693;429;655
751;Pack Casa 9101;Casa;33.96;1355.27;100;641;619
752;Kit Informática 5293;Informática;19.73;4416.16;292;676;155
753;Pack Casa 7975;Casa;26.5;4766.12;311;133;440
754;Pack Familiar 9530;Alimentação;53.39;2297.19;172;455;318;646;331;180
755;Kit Informática 1191;Informática;70.11;4361.34;570;548;549;272;364;677
756;Pack Familiar 4462;Alimentação;30.45;1157.77;409;106;610
757;Kit Roupa Inverno 5114;Roupa;33.93;3406.31;509;43;505;85;291
758;Kit Roupa Inverno 6293;Roupa;35.05;1873.31;668;4
759;Pack Casa 6571;Casa;36.95;2675.58;504;59;404
760;Kit Roupa Inverno 2043;Roupa;23.2;2420.86;164;682
761;Pack Casa 8544;Casa;57.43;4472.13;475;149;447;554;199
762;Pack Casa 5673;Casa;38.89;1761.43;662;28;645;288
763;Kit Roupa Inverno 9793;Roupa;14.63;538.62;683;700;43;573
764;Pack Casa 5584;Casa;22.07;3547.49;161;613;527
765;Kit Informática 658;Informática;40.49;3291.44;124;569;209;614
766;Conjunto Escritório 2536;Informática;22.12;2028.25;289;239
767;Kit Roupa Inverno 5354;Roupa;35.34;196.45;510;175;261
768;Pack Casa 2155;Casa;22.91;1263.43;124;676
769;Kit Informática 2598;Informática;49.29;1754.67;220;237;55;136;345
770;Kit Informática 2325;Informática;23.68;1946.47;557;81;377;427
771;Conjunto Escritório 7411;Informática;29.43;1379.02;208;515
772;Pack Casa 7060;Casa;36.69;4217.45;445;85;524;254
773;Conjunto Escritório 9342;Informática;51.34;2828.98;57;635;592;255;591
774;Conjunto Escritório 5777;Informática;58.4;3983.44;199;325;102;366
775;Pack Familiar 8307;Alimentação;8.37;2005.18;244;332;317
776;Kit Roupa Inverno 3918;Roupa;28.55;1871.27;22;339;88;53
777;Pack Casa 4544;Casa;9.1;1800.13;165;113
778;Pack Casa 6101;Casa;57.41;1122.2;685;330;205;286;621
779;Kit Roupa Inverno 9225;Roupa;11.6;716.66;594;336
780;Kit Roupa Inverno 5947;Roupa;16.45;4281.08;471;449
781;Kit Informática 9987;Informática;42.32;1793.25;666;465;236;547;172
782;Pack Casa 8558;Casa;29.54;1221.41;345;133;491;437;469;118
783;Pack Casa 2928;Casa;35.94;1365.1;507;318;553;222;242;664
784;Kit Roupa Inverno 6669;Roupa;52.33;4447.48;382;503;254;649
785;Kit Roupa Inverno 9883;Roupa;25.47;1780.63;331;578;155
786;Kit Roupa Inverno 1437;Roupa;40.66;3418.91;656;152;177;81;514
787;Pack Familiar 5771;Alimentação;25.91;4902.62;649;129
788;Pack Familiar 8197;Alimentação;69.43;3264.98;181;440;347;396;679;598
789;Pack Familiar 80;Alimentação;26.35;721.82;93;544
790;Pack Casa 6696;Casa;20.27;955.17;513;274;629
791;Pack Casa 2243;Casa;47.53;4140.49;548;137;258;341;230;178
792;Pack Casa 6049;Casa;42.15;479.2;357;667;77;36
793;Kit Informática 9366;Informática;62.0;4260.77;313;11;234;278;179;80
794;Pack Casa 7372;Casa;27.93;2601.31;588;5
795;Pack Casa 6018;Casa;63.18;486.57;652;590;513;139;311;613
796;Pack Familiar 532;Alimentação;25.32;1657.65;549;360
797;Pack Casa 545;Casa;49.52;586.39;416;124;665;131
798;Kit Roupa Inverno 1859;Roupa;43.12;4240.18;432;396;110;420
799;Conjunto Escritório 389;Informática;41.62;4599.98;524;406;23;316
800;Kit Informática 542;Informática;35.45;92.05;334;116;338;2
801;Cabaz Alimentar 7592;Alimentação;27.02;2385.11;123;331;485
802;Kit Roupa Inverno 1244;Roupa;31.62;806.39;210;556;419
803;Pack Casa 2507;Casa;22.04;849.13;110;580
804;Pack Casa 8197;Casa;24.81;2390.89;514;627;216
805;Pack Casa 4919;Casa;60.58;3303.48;352;383;197;139;356;606
806;Cabaz Alimentar 3582;Alimentação;50.87;4701.74;550;631;590
807;Pack Casa 5594;Casa;24.87;4068.63;514;589
808;Kit Informática 8469;Informática;16.0;2081.61;271;433
809;Pack Familiar 130;Alimentação;51.96;2286.79;217;606;617;556;405;149
810;Pack Familiar 8911;Alimentação;43.49;2503.76;168;231;68;324
811;Kit Roupa Inverno 5132;Roupa;19.47;1535.38;502;241
812;Pack Casa 2160;Casa;26.54;4684.65;274;507;4
813;Cabaz Alimentar 2681;Alimentação;17.49;1832.46;604;350
814;Kit Roupa Inverno 1810;Roupa;54.53;531.96;223;3;481;197
815;Pack Casa 6697;Casa;19.27;1281.28;87;563;55
816;Kit Roupa Inverno 4517;Roupa;40.69;1997.76;357;145;235
817;Cabaz Alimentar 8107;Alimentação;61.99;2566.47;129;504;188;206;278
818;Pack Casa 7853;Casa;26.53;1364.72;143;260
819;Kit Roupa Inverno 3333;Roupa;15.85;4664.78;167;378
820;Cabaz Alimentar 9921;Alimentação;57.24;171.56;301;142;321;225;117;354
821;Kit Roupa Inverno 9799;Roupa;31.01;4958.6;586;390;154;335
822;Kit Informática 4209;Informática;29.29;479.61;239;417;550
823;Pack Casa 6514;Casa;21.98;77.67;410;672
824;Pack Casa 6845;Casa;17.9;959.82;139;371
825;Kit Informática 8162;Informática;35.28;3066.51;232;256;56;687;424
826;Pack Familiar 7152;Alimentação;16.65;1193.29;409;337
827;Pack Casa 1563;Casa;29.12;634.63;320;242;136;438;255
828;Conjunto Escritório 6928;Informática;0.99;3200.69;107;321
829;Kit Roupa Inverno 6631;Roupa;41.67;1190.95;534;40;504;549;279
830;Kit Roupa Inverno 6959;Roupa;25.97;3740.15;114;548;541
831;Pack Familiar 2578;Alimentação;26.0;2122.14;209;211;670;355
832;Pack Casa 3582;Casa;15.1;885.35;308;594;123
833;Kit Informática 7643;Informática;38.96;1882.57;466;129;50
834;Kit Informática 2852;Informática;31.98;4050.74;404;257;481
835;Kit Roupa Inverno 1149;Roupa;68.86;3005.02;592;37;111;155;528;295
836;Kit Roupa Inverno 4704;Roupa;47.69;3112.98;409;607;261;514;445;240
837;Kit Informática 2504;Informática;61.84;2544.55;13;504;590;2;207;639
838;Kit Roupa Inverno 725;Roupa;42.82;4265.91;548;387;274;496
839;Kit Informática 8089;Informática;25.51;1501.23;555;435;475
840;Conjunto Escritório 6940;Informática;46.34;1470.97;639;37;385;139
841;Pack Familiar 6839;Alimentação;65.62;2344.61;67;465;259;315;358;414
842;Pack Casa 3607;Casa;45.54;4611.78;518;148;575;667;584
843;Kit Roupa Inverno 5604;Roupa;57.32;1895.36;231;661;498;310;458
844;Conjunto Escritório 8626;Informática;46.44;1829.42;106;381;40;36;691
845;Kit Roupa Inverno 6145;Roupa;32.27;4444.4;450;191
846;Kit Informática 7799;Informática;48.43;4457.26;50;77;418;266
847;Cabaz Alimentar 7835;Alimentação;26.76;2132.72;669;424
848;Pack Casa 9263;Casa;49.36;4194.52;137;169;196;138;319;631
849;Pack Casa 994;Casa;28.91;1153.87;624;651;239
850;Kit Informática 7684;Informática;34.43;4962.3;670;380;324
851;Pack Casa 9141;Casa;55.23;2254.26;463;202;626;315;501;182
852;Kit Roupa Inverno 2439;Roupa;23.17;4791.26;241;478;366;232
853;Pack Familiar 6488;Alimentação;30.96;3720.25;366;202
854;Kit Roupa Inverno 2778;Roupa;19.63;1344.62;228;15;395
855;Pack Casa 2817;Casa;46.86;750.8;524;512;171;569;215;667
856;Conjunto Escritório 9561;Informática;21.77;2070.72;406;580
857;Kit Roupa Inverno 7545;Roupa;58.57;3463.52;694;109;162;412;383
858;Conjunto Escritório 9394;Informática;17.07;2610.4;690;565;473;443
859;Pack Familiar 965;Alimentação;18.47;2265.49;486;392
860;Pack Familiar 5992;Alimentação;21.8;4556.63;294;89;192
861;Pack Casa 1820;Casa;11.08;530.0;223;465
862;Pack Casa 7677;Casa;36.9;4393.0;293;68;64
863;Cabaz Alimentar 7747;Alimentação;17.62;339.41;586;660;2
864;Pack Familiar 2452;Alimentação;67.28;4419.49;556;692;586;503;373;651
865;Pack Familiar 4168;Alimentação;58.11;77.61;415;564;530;312;367
866;Conjunto Escritório 9152;Informática;38.09;3572.04;603;190;226;398
867;Kit Roupa Inverno 4132;Roupa;39.71;1617.76;204;246;679
868;Conjunto Escritório 2901;Informática;33.52;2575.7;115;428;59;174;569
869;Pack Casa 3420;Casa;21.17;4230.47;257;92
870;Pack Casa 2346;Casa;46.8;1974.6;689;492;154;388;39;285
871;Kit Roupa Inverno 7909;Roupa;20.15;1702.58;103;681;312
872;Cabaz Alimentar 435;Alimentação;37.84;3793.53;132;393
873;Kit Roupa Inverno 5499;Roupa;20.43;1671.61;238;339;133
874;Kit Informática 3909;Informática;32.01;4365.15;517;326;39;34;458
875;Kit Informática 4314;Informática;16.79;13.17;328;259;235
876;Pack Casa 9581;Casa;37.43;3783.65;434;410;58;548
877;Pack Familiar 7307;Alimentação;58.42;4835.02;519;679;179;282;172;159
878;Pack Casa 8952;Casa;18.2;3621.42;611;681
879;Cabaz Alimentar 5284;Alimentação;33.08;1197.35;190;404;342;252
880;Kit Informática 1121;Informática;36.43;1685.48;86;562;689;681
881;Pack Casa 5076;Casa;24.65;1611.34;42;33;483
882;Pack Familiar 3280;Alimentação;40.53;3597.22;356;652;196;555
883;Pack Casa 1594;Casa;65.64;3307.78;59;595;215;434;660;480
884;Pack Familiar 6135;Alimentação;9.73;1868.65;156;235
885;Kit Roupa Inverno 572;Roupa;30.47;2007.75;25;246;186;154
886;Pack Casa 606;Casa;75.27;1154.27;199;250;669;429;394
887;Kit Informática 5245;Informática;45.96;4601.04;149;91;622;372
888;Kit Roupa Inverno 2075;Roupa;25.37;4315.64;136;221;332;146
889;Pack Casa 5307;Casa;9.57;3446.39;156;14
890;Pack Casa 6163;Casa;27.2;2900.32;300;466;633
891;Pack Familiar 4706;Alimentação;16.83;2948.75;457;22;409
892;Pack Familiar 5424;Alimentação;53.27;3520.29;602;168;111;410;77;313
893;Kit Roupa Inverno 7133;Roupa;19.41;540.92;634;161
894;Pack Casa 5727;Casa;70.82;3815.12;189;48;513;508;557
895;Pack Casa 7479;Casa;71.35;4960.7;447;116;121;593;482;92
896;Kit Roupa Inverno 4832;Roupa;77.86;323.11;320;388;150;44;464;106
897;Kit Roupa Inverno 4196;Roupa;27.22;1586.99;447;458;162
898;Pack Casa 9712;Casa;50.35;4026.93;75;585;581;690;119
899;Kit Roupa Inverno 9669;Roupa;46.29;120.91;443;543;165;344;149
900;Kit Informática 2778;Informática;12.67;245.44;271;327
901;Pack Familiar 1981;Alimentação;39.69;967.58;601;561;665;468;21
902;Kit Roupa Inverno 7286;Roupa;30.99;3478.96;157;251;200;448;277
903;Kit Roupa Inverno 5103;Roupa;34.69;3655.41;175;104
904;Conjunto Escritório 6710;Informática;36.08;1925.39;665;185;578;397;222
905;Kit Roupa Inverno 3094;Roupa;60.35;3112.54;124;528;186;216;671;578
906;Kit Informática 1144;Informática;79.79;773.65;655;333;670;362;412;142
907;Kit Informática 2200;Informática;66.2;206.86;379;513;177;120;550
908;Kit Roupa Inverno 6911;Roupa;70.89;1571.18;447;367;650;170;339;381
909;Kit Roupa Inverno 4967;Roupa;38.65;743.95;614;208
910;Pack Familiar 2223;Alimentação;26.96;2654.95;578;580;607
911;Pack Familiar 8015;Alimentação;12.04;2219.97;447;56
912;Pack Casa 9171;Casa;40.04;973.04;496;69;432
913;Kit Roupa Inverno 9611;Roupa;22.7;3625.83;556;171;12
914;Pack Casa 3197;Casa;18.2;4927.72;76;24
915;Pack Casa 1938;Casa;55.68;4527.85;104;560;131;278;72
916;Kit Roupa Inverno 7331;Roupa;63.69;1364.74;518;686;106;621;55;218
917;Pack Familiar 2560;Alimentação;62.27;2023.61;655;371;132;476;442
918;Cabaz Alimentar 9189;Alimentação;58.26;3475.31;77;645;392;685;579
919;Pack Familiar 3875;Alimentação;29.1;11.51;385;562;558;308
920;Kit Informática 4112;Informática;15.66;4827.14;14;666
921;Kit Roupa Inverno 550;Roupa;71.22;3661.3;366;71;593;358;438;630
922;Kit Roupa Inverno 2836;Roupa;22.86;4663.06;484;564;579
923;Kit Roupa Inverno 9001;Roupa;75.23;2258.1;687;457;436;576;268;254
924;Kit Roupa Inverno 1870;Roupa;14.82;3063.91;335;228
925;Pack Familiar 7435;Alimentação;45.27;2456.86;368;217;395;281;471
926;Kit Roupa Inverno 6990;Roupa;46.79;3971.86;472;434;548;114
927;Pack Casa 894;Casa;71.29;2205.26;602;6;688;628;252
928;Kit Roupa Inverno 3672;Roupa;35.94;4624.13;644;72;71;288
929;Kit Roupa Inverno 8008;Roupa;49.71;2457.28;213;341;504;381;656
930;Kit Roupa Inverno 8330;Roupa;67.44;948.64;588;258;123;595;78;601
931;Cabaz Alimentar 155;Alimentação;37.84;1922.26;625;383;17;171;96
932;Pack Casa 8500;Casa;44.23;1127.29;138;291;552;691;360;575
933;Kit Informática 1680;Informática;28.97;3317.95;162;405;309
934;Pack Casa 2289;Casa;8.55;1450.41;663;343
935;Kit Informática 8708;Informática;59.13;72.88;92;101;5;388;106;435
936;Pack Familiar 7468;Alimentação;39.52;3135.49;190;699;253;220;395;332
937;Pack Casa 9927;Casa;34.07;1114.48;646;617;415;178
938;Pack Casa 924;Casa;40.7;2778.25;565;375;19;233;400
939;Pack Casa 2700;Casa;31.2;3166.11;293;351
940;Kit Roupa Inverno 1968;Roupa;42.72;4955.67;517;355;463;225;659
941;Kit Roupa Inverno 7613;Roupa;38.25;2729.34;240;374;70;409;327;134
942;Kit Informática 2685;Informática;23.03;2308.42;99;401
943;Kit Informática 5081;Informática;29.46;2043.14;321;394;24;455
944;Kit Informática 6692;Informática;41.07;4585.4;329;272;496;541
945;Kit Roupa Inverno 8271;Roupa;52.58;3224.16;678;259;127;371;407
946;Pack Casa 1790;Casa;64.16;1545.22;559;380;62;540
947;Kit Roupa Inverno 6364;Roupa;53.69;659.29;414;56;76;462;402;467
948;Kit Roupa Inverno 642;Roupa;33.14;1119.91;422;275;43;358
949;Kit Roupa Inverno 2396;Roupa;12.0;1177.02;640;569;196
950;Kit Roupa Inverno 3089;Roupa;27.97;3028.75;641;558;333
951;Cabaz Alimentar 6729;Alimentação;41.05;2742.23;614;312;519
952;Kit Informática 8540;Informática;32.48;2179.79;420;516;600
953;Pack Familiar 5256;Alimentação;16.53;4826.86;414;345;266;15
954;Conjunto Escritório 9759;Informática;64.12;736.26;239;408;11;610;252;413
955;Conjunto Escritório 5772;Informática;19.32;4159.58;627;3
956;Kit Roupa Inverno 6755;Roupa;86.31;142.73;220;500;131;544;684;125
957;Pack Casa 9236;Casa;41.94;4771.77;508;88;191
958;Pack Familiar 5011;Alimentação;6.5;2057.06;239;190
959;Pack Familiar 1806;Alimentação;30.1;3137.98;387;416
960;Kit Roupa Inverno 7240;Roupa;20.29;702.7;83;182;387
961;Kit Roupa Inverno 7398;Roupa;3.29;3953.83;565;121
962;Conjunto Escritório 3384;Informática;59.55;2387.25;20;228;39;359;73
963;Cabaz Alimentar 7507;Alimentação;39.99;2668.82;87;248;579;564
964;Kit Informática 596;Informática;79.86;3967.74;281;529;695;59;338;311
965;Pack Casa 1678;Casa;27.31;3405.26;479;544
966;Pack Familiar 4852;Alimentação;74.94;4835.86;333;521;635;422;190;600
967;Cabaz Alimentar 3793;Alimentação;14.96;847.79;676;327
968;Conjunto Escritório 7086;Informática;43.62;4931.15;92;598;405
969;Pack Casa 7873;Casa;27.14;4221.56;610;72;385
970;Conjunto Escritório 2725;Informática;17.79;4436.21;376;408
971;Pack Casa 4273;Casa;28.62;3758.62;11;244;309;96
972;Pack Familiar 1030;Alimentação;55.63;3926.57;319;103;606;47;439;473
973;Pack Casa 3577;Casa;16.78;4193.16;621;495;453
974;Kit Roupa Inverno 1182;Roupa;36.38;2952.86;53;64;331;345
975;Cabaz Alimentar 4994;Alimentação;14.85;908.5;18;122
976;Kit Roupa Inverno 7058;Roupa;32.84;3992.62;216;53;200;528
977;Kit Roupa Inverno 8873;Roupa;44.56;1827.06;647;171;275;112;124
978;Kit Informática 570;Informática;64.97;1366.72;193;137;496;290;606;595
979;Pack Familiar 7850;Alimentação;40.41;2617.09;609;444;252;172;180
980;Kit Roupa Inverno 9741;Roupa;38.47;3344.25;108;155;659;305;437
981;Kit Roupa Inverno 303;Roupa;60.91;2990.51;490;164;613;649
982;Pack Familiar 1866;Alimentação;17.2;2960.24;217;448;355
983;Conjunto Escritório 8764;Informática;22.0;2443.64;642;296;486
984;Kit Roupa Inverno 4565;Roupa;27.25;1041.67;560;527;148
985;Conjunto Escritório 4442;Informática;19.42;1135.32;176;594;171
986;Kit Informática 8419;Informática;65.51;2041.39;579;373;458;422;687;655
987;Pack Casa 7869;Casa;40.51;3034.19;445;143;104;506
988;Kit Roupa Inverno 2611;Roupa;59.03;1514.64;617;665;421;45;174;60
989;Kit Informática 5487;Informática;48.46;4772.6;263;60;440;14
990;Pack Familiar 7321;Alimentação;45.62;3832.89;202;224;455;635
991;Kit Roupa Inverno 4450;Roupa;83.48;2731.3;175;318;197;613;521
992;Kit Roupa Inverno 3644;Roupa;40.18;4031.87;435;44;16;617;330
993;Pack Casa 2057;Casa;41.43;22.18;374;191;656
994;Kit Roupa Inverno 9289;Roupa;48.97;1569.66;293;563;192;32;162
995;Kit Roupa Inverno 7955;Roupa;44.18;2740.24;549;110;97
996;Kit Roupa Inverno 8945;Roupa;36.44;1031.28;104;144;225
997;Pack Casa 2107;Casa;13.04;1388.69;24;68
998;Pack Casa 7005;Casa;20.3;268.71;126;343
999;Kit Roupa Inverno 3880;Roupa;44.06;1158.8;241;699;637;557;600;342
1000;Kit Roupa Inverno 552;Roupa;64.26;1987.59;413;359;320;595;660
